id,name
1,チフ
2,イェンス
3,ペーター
4,ジネス
5,イジドール
6,グンドルフ
7,グノ
8,アルキバルド
9,アデマール
10,ポルフィリエ
11,リオ
12,タデオ
13,シモン
14,サイラス
15,ドリネリ
16,エルセム
17,フロリアーノ
18,ディディエ
19,ゲオルゲ
20,サキュロント
21,シェマール
22,ジャミル
23,ルグランジュ
24,リダー
25,ロメル
26,チュス
27,フレド
28,ラデ
29,アマウリ
30,ヴィルギル
31,エイブラハム
32,エグー
33,ヒズマン
34,ローサイム
35,レモンツ
36,ドルーシボ
37,ラウノェ
38,ウィルモッド
39,リーバイ
40,ドミトリー
41,ヒギオ
42,エーレンフリート
43,ザン
44,トコ
45,ニザ
46,アルガー
47,ゼノ
48,エラスト
49,ゼルマル
50,ロテール
51,ニクラウス
52,マクシム
53,ダヴィ
54,ザイド
55,エルッキ
56,アント
57,ヘルバシ
58,チャド
59,タンクレート
60,ランスロ
61,ボホ
62,ルビン
63,ジュラ
64,ライモント
65,ヨハナン
66,バーンハルド
67,ヤンティス
68,サルジアス
69,ヴァシリ
70,ナウエル
